ad_id,campaign_id,ad_platform,ad_type,target_gender,target_age_group,target_interests
1,28,Facebook,Video,Female,35-44,art
1,28,Facebook,Video,Female,35-44,technology
2,33,Facebook,Stories,All,25-34,travel
2,33,Facebook,Stories,All,25-34,photography
3,20,Instagram,Carousel,All,25-34,technology
4,28,Facebook,Stories,Female,25-34,news
5,24,Instagram,Image,Female,25-34,news
6,33,Facebook,Video,Male,25-34,finance
6,33,Facebook,Video,Male,25-34,health
7,9,Facebook,Image,Female,18-24,fashion
7,9,Facebook,Image,Female,18-24,gaming
8,13,Facebook,Carousel,All,25-34,technology
9,49,Instagram,Stories,All,35-44,fitness
9,49,Instagram,Stories,All,35-44,lifestyle
10,17,Facebook,Stories,Female,18-24,art
11,37,Facebook,Carousel,All,35-44,fashion
12,45,Facebook,Stories,Female,35-44,gaming
12,45,Facebook,Stories,Female,35-44,technology
13,6,Facebook,Stories,Female,All,health
13,6,Facebook,Stories,Female,All,food
14,21,Instagram,Image,Female,35-44,finance
14,21,Instagram,Image,Female,35-44,lifestyle
15,28,Facebook,Stories,All,All,fashion
16,18,Facebook,Video,Female,35-44,food
16,18,Facebook,Video,Female,35-44,gaming
17,48,Instagram,Image,All,35-44,sports
17,48,Instagram,Image,All,35-44,travel
18,30,Facebook,Video,Male,18-24,photography
19,3,Facebook,Video,Female,18-24,gaming
20,38,Instagram,Image,Male,35-44,art
20,38,Instagram,Image,Male,35-44,travel
21,22,Instagram,Video,All,25-34,art
22,30,Facebook,Stories,Male,35-44,finance
23,33,Facebook,Image,All,18-24,news
24,23,Facebook,Video,Female,All,technology
25,29,Facebook,Video,Male,25-34,travel
25,29,Facebook,Video,Male,25-34,technology
26,42,Facebook,Image,Female,All,gaming
26,42,Facebook,Image,Female,All,health
27,4,Instagram,Video,Female,All,health
27,4,Instagram,Video,Female,All,fashion
28,48,Facebook,Image,Female,25-34,finance
28,48,Facebook,Image,Female,25-34,travel
29,23,Instagram,Carousel,All,18-24,lifestyle
29,23,Instagram,Carousel,All,18-24,news
30,49,Facebook,Carousel,Female,25-34,sports
31,21,Facebook,Image,Female,25-34,fashion
32,29,Instagram,Stories,All,18-24,sports
33,15,Instagram,Carousel,Female,All,photography
34,26,Instagram,Stories,Female,35-44,sports
34,26,Instagram,Stories,Female,35-44,technology
35,18,Instagram,Image,Female,25-34,travel
35,18,Instagram,Image,Female,25-34,finance
36,37,Facebook,Video,Male,18-24,gaming
36,37,Facebook,Video,Male,18-24,health
37,46,Facebook,Carousel,All,35-44,gaming
37,46,Facebook,Carousel,All,35-44,travel
38,2,Facebook,Stories,Male,25-34,finance
38,2,Facebook,Stories,Male,25-34,technology
39,34,Instagram,Stories,All,35-44,lifestyle
39,34,Instagram,Stories,All,35-44,gaming
40,21,Facebook,Stories,All,All,health
40,21,Facebook,Stories,All,All,finance
41,38,Facebook,Carousel,All,25-34,photography
42,19,Facebook,Video,Female,25-34,health
43,35,Facebook,Video,All,All,fitness
44,40,Facebook,Video,Female,18-24,fashion
44,40,Facebook,Video,Female,18-24,gaming
45,38,Facebook,Carousel,Female,All,sports
45,38,Facebook,Carousel,Female,All,gaming
46,10,Instagram,Carousel,All,35-44,technology
46,10,Instagram,Carousel,All,35-44,travel
47,17,Instagram,Image,Female,35-44,fitness
47,17,Instagram,Image,Female,35-44,sports
48,42,Facebook,Carousel,All,All,finance
48,42,Facebook,Carousel,All,All,lifestyle
49,11,Facebook,Stories,All,25-34,finance
50,5,Instagram,Stories,Female,35-44,news
51,26,Instagram,Carousel,All,18-24,photography
52,2,Instagram,Stories,Female,35-44,health
52,2,Instagram,Stories,Female,35-44,lifestyle
53,13,Facebook,Stories,Female,25-34,sports
54,29,Instagram,Image,Female,25-34,technology
54,29,Instagram,Image,Female,25-34,travel
55,39,Instagram,Carousel,Male,35-44,gaming
56,1,Instagram,Stories,Female,35-44,news
57,32,Instagram,Video,Female,All,lifestyle
58,39,Facebook,Image,Male,18-24,travel
58,39,Facebook,Image,Male,18-24,health
59,31,Instagram,Stories,Male,18-24,lifestyle
60,38,Facebook,Stories,All,35-44,health
61,38,Instagram,Carousel,All,35-44,sports
61,38,Instagram,Carousel,All,35-44,photography
62,20,Facebook,Image,Male,All,fashion
62,20,Facebook,Image,Male,All,lifestyle
63,3,Facebook,Video,Male,35-44,sports
63,3,Facebook,Video,Male,35-44,lifestyle
64,33,Facebook,Stories,Female,18-24,news
65,4,Facebook,Stories,Female,All,finance
66,22,Facebook,Video,All,All,photography
66,22,Facebook,Video,All,All,finance
67,40,Facebook,Carousel,All,18-24,technology
67,40,Facebook,Carousel,All,18-24,travel
68,17,Facebook,Image,All,18-24,sports
69,13,Facebook,Stories,Female,18-24,health
70,42,Facebook,Stories,Female,18-24,travel
70,42,Facebook,Stories,Female,18-24,technology
71,21,Facebook,Stories,Male,All,art
71,21,Facebook,Stories,Male,All,fashion
72,32,Facebook,Image,All,35-44,travel
73,47,Facebook,Stories,Female,25-34,fitness
74,17,Instagram,Image,Female,18-24,finance
74,17,Instagram,Image,Female,18-24,lifestyle
75,37,Facebook,Stories,Female,18-24,news
76,11,Facebook,Video,Female,18-24,technology
76,11,Facebook,Video,Female,18-24,news
77,4,Facebook,Stories,Male,35-44,fashion
77,4,Facebook,Stories,Male,35-44,photography
78,26,Facebook,Image,Female,18-24,gaming
78,26,Facebook,Image,Female,18-24,photography
79,17,Instagram,Carousel,Female,25-34,travel
79,17,Instagram,Carousel,Female,25-34,art
80,46,Facebook,Stories,Male,35-44,lifestyle
81,29,Instagram,Carousel,All,25-34,fitness
81,29,Instagram,Carousel,All,25-34,photography
82,24,Facebook,Stories,Female,18-24,food
83,29,Facebook,Video,All,All,health
83,29,Facebook,Video,All,All,art
84,8,Facebook,Image,Female,35-44,health
85,20,Facebook,Carousel,Female,18-24,finance
85,20,Facebook,Carousel,Female,18-24,sports
86,20,Facebook,Image,Female,All,fashion
86,20,Facebook,Image,Female,All,gaming
87,31,Instagram,Image,All,18-24,health
87,31,Instagram,Image,All,18-24,fashion
88,20,Facebook,Image,Female,25-34,news
88,20,Facebook,Image,Female,25-34,travel
89,1,Facebook,Carousel,Female,25-34,finance
90,18,Instagram,Stories,Male,35-44,fitness
90,18,Instagram,Stories,Male,35-44,gaming
91,37,Facebook,Video,All,18-24,travel
91,37,Facebook,Video,All,18-24,gaming
92,4,Facebook,Carousel,Female,35-44,gaming
93,34,Instagram,Carousel,Male,All,fashion
94,14,Facebook,Video,Female,35-44,news
95,36,Instagram,Image,All,25-34,fashion
96,24,Facebook,Stories,Male,35-44,news
97,45,Instagram,Image,All,25-34,health
97,45,Instagram,Image,All,25-34,sports
98,3,Facebook,Stories,Female,18-24,sports
98,3,Facebook,Stories,Female,18-24,finance
99,8,Facebook,Image,Female,35-44,photography
99,8,Facebook,Image,Female,35-44,fitness
100,50,Instagram,Image,Female,25-34,art
100,50,Instagram,Image,Female,25-34,photography
101,42,Facebook,Video,All,18-24,art
102,46,Facebook,Image,All,25-34,food
102,46,Facebook,Image,All,25-34,fashion
103,22,Facebook,Stories,Female,35-44,health
103,22,Facebook,Stories,Female,35-44,fitness
104,20,Facebook,Carousel,All,18-24,food
105,25,Instagram,Image,All,35-44,art
106,22,Facebook,Stories,Female,All,news
106,22,Facebook,Stories,Female,All,fashion
107,25,Instagram,Carousel,All,25-34,fashion
108,37,Facebook,Carousel,Male,18-24,photography
109,8,Facebook,Stories,All,35-44,travel
109,8,Facebook,Stories,All,35-44,fashion
110,23,Instagram,Image,Male,18-24,fitness
110,23,Instagram,Image,Male,18-24,finance
111,42,Facebook,Stories,Female,All,lifestyle
112,15,Facebook,Video,All,35-44,food
113,15,Instagram,Image,Female,18-24,fitness
113,15,Instagram,Image,Female,18-24,finance
114,38,Facebook,Stories,Female,18-24,news
114,38,Facebook,Stories,Female,18-24,health
115,24,Facebook,Carousel,Female,All,lifestyle
115,24,Facebook,Carousel,Female,All,technology
116,4,Facebook,Video,All,All,lifestyle
117,42,Facebook,Stories,All,18-24,finance
117,42,Facebook,Stories,All,18-24,travel
118,8,Facebook,Stories,All,All,health
118,8,Facebook,Stories,All,All,sports
119,44,Instagram,Carousel,All,35-44,health
120,17,Facebook,Image,Male,All,news
121,25,Facebook,Video,Male,35-44,news
122,10,Facebook,Stories,All,35-44,health
123,33,Facebook,Carousel,All,18-24,finance
123,33,Facebook,Carousel,All,18-24,sports
124,34,Instagram,Image,Female,All,technology
124,34,Instagram,Image,Female,All,lifestyle
125,32,Instagram,Carousel,Female,18-24,photography
126,38,Facebook,Carousel,All,25-34,art
127,47,Facebook,Stories,Female,All,gaming
127,47,Facebook,Stories,Female,All,travel
128,41,Instagram,Carousel,Male,18-24,fitness
128,41,Instagram,Carousel,Male,18-24,art
129,10,Facebook,Carousel,Female,35-44,sports
130,22,Facebook,Image,Female,25-34,food
131,17,Facebook,Image,Male,25-34,photography
132,1,Facebook,Carousel,Female,18-24,news
133,30,Facebook,Video,Male,All,technology
133,30,Facebook,Video,Male,All,health
134,25,Facebook,Image,Female,All,health
134,25,Facebook,Image,Female,All,gaming
135,47,Instagram,Stories,Male,18-24,sports
136,7,Facebook,Stories,Female,35-44,fashion
137,7,Facebook,Image,Female,All,health
138,7,Instagram,Stories,All,18-24,food
139,12,Facebook,Stories,Male,18-24,photography
140,2,Facebook,Image,Female,All,photography
141,44,Instagram,Stories,Male,35-44,travel
142,29,Facebook,Image,All,All,finance
142,29,Facebook,Image,All,All,news
143,10,Facebook,Stories,Female,35-44,health
143,10,Facebook,Stories,Female,35-44,fitness
144,34,Instagram,Stories,Female,18-24,fitness
144,34,Instagram,Stories,Female,18-24,health
145,20,Facebook,Carousel,Male,25-34,travel
146,4,Facebook,Video,Female,All,gaming
147,38,Facebook,Carousel,All,35-44,finance
148,8,Facebook,Carousel,Male,All,finance
148,8,Facebook,Carousel,Male,All,photography
149,11,Facebook,Stories,All,18-24,health
149,11,Facebook,Stories,All,18-24,fitness
150,24,Facebook,Carousel,All,All,sports
151,34,Facebook,Carousel,All,35-44,fashion
152,24,Instagram,Carousel,Male,18-24,gaming
152,24,Instagram,Carousel,Male,18-24,news
153,46,Facebook,Video,All,18-24,photography
154,27,Instagram,Stories,Female,All,fitness
154,27,Instagram,Stories,Female,All,technology
155,30,Facebook,Video,All,25-34,food
156,33,Instagram,Video,Female,18-24,fitness
156,33,Instagram,Video,Female,18-24,health
157,32,Instagram,Stories,Male,All,news
157,32,Instagram,Stories,Male,All,sports
158,24,Instagram,Carousel,Female,18-24,fashion
159,13,Instagram,Stories,All,25-34,finance
159,13,Instagram,Stories,All,25-34,travel
160,42,Instagram,Stories,All,25-34,news
160,42,Instagram,Stories,All,25-34,art
161,15,Facebook,Image,Female,18-24,art
161,15,Facebook,Image,Female,18-24,finance
162,6,Instagram,Carousel,All,35-44,gaming
163,29,Facebook,Carousel,Female,25-34,photography
164,25,Instagram,Stories,Male,25-34,fashion
165,6,Facebook,Carousel,Male,25-34,gaming
166,14,Instagram,Image,All,All,fashion
167,42,Instagram,Carousel,All,25-34,art
168,39,Facebook,Image,Male,All,travel
168,39,Facebook,Image,Male,All,finance
169,17,Facebook,Video,Female,All,art
170,40,Instagram,Image,Male,35-44,sports
171,13,Instagram,Stories,Male,All,health
172,9,Facebook,Stories,Female,18-24,fitness
173,47,Facebook,Stories,Male,All,gaming
173,47,Facebook,Stories,Male,All,food
174,27,Facebook,Carousel,Female,35-44,travel
174,27,Facebook,Carousel,Female,35-44,finance
175,3,Facebook,Image,Male,25-34,lifestyle
175,3,Facebook,Image,Male,25-34,fitness
176,13,Instagram,Video,All,25-34,technology
177,46,Instagram,Carousel,Female,35-44,travel
178,24,Facebook,Stories,All,18-24,art
179,5,Instagram,Stories,All,35-44,art
180,47,Instagram,Image,Male,18-24,finance
180,47,Instagram,Image,Male,18-24,sports
181,37,Instagram,Stories,Male,35-44,gaming
181,37,Instagram,Stories,Male,35-44,art
182,44,Instagram,Image,Female,35-44,fashion
182,44,Instagram,Image,Female,35-44,news
183,20,Instagram,Stories,All,All,gaming
184,40,Instagram,Image,Male,25-34,travel
185,36,Instagram,Carousel,Female,All,sports
185,36,Instagram,Carousel,Female,All,food
186,9,Facebook,Carousel,All,All,fitness
187,31,Facebook,Image,All,25-34,art
188,9,Instagram,Image,Female,18-24,sports
188,9,Instagram,Image,Female,18-24,health
189,41,Facebook,Image,All,All,fashion
189,41,Facebook,Image,All,All,technology
190,33,Facebook,Image,Male,18-24,photography
190,33,Facebook,Image,Male,18-24,technology
191,19,Facebook,Image,All,25-34,lifestyle
192,47,Facebook,Carousel,Female,35-44,fashion
193,5,Instagram,Carousel,All,25-34,finance
194,41,Facebook,Image,All,18-24,food
194,41,Facebook,Image,All,18-24,travel
195,9,Instagram,Carousel,Female,35-44,technology
195,9,Instagram,Carousel,Female,35-44,fashion
196,12,Facebook,Stories,Male,35-44,gaming
196,12,Facebook,Stories,Male,35-44,sports
197,9,Facebook,Stories,All,All,lifestyle
197,9,Facebook,Stories,All,All,gaming
198,34,Facebook,Video,All,35-44,fitness
198,34,Facebook,Video,All,35-44,lifestyle
199,15,Instagram,Video,Male,25-34,art
199,15,Instagram,Video,Male,25-34,news
200,44,Instagram,Carousel,Male,18-24,photography
